id,filename,cast
0,100_img_.png,no-color-cast
1,10139.png,no-color-cast
2,10151.png,no-color-cast
3,101_img_.png,no-color-cast
4,102_img_.png,yellowish
5,104_img_.png,bluish
6,105_img_.png,no-color-cast
7,106_img_.png,no-color-cast
8,107_img_.png,bluish
9,108_img_.png,greenish
10,10909.png,no-color-cast
11,10945.png,greenish
12,109_img_.png,no-color-cast
13,10_img_.png,bluish
14,11052.png,no-color-cast
15,11064.png,no-color-cast
16,111_img_.png,bluish
17,112_img_.png,no-color-cast
18,11374.png,no-color-cast
19,11398.png,no-color-cast
20,113_img_.png,no-color-cast
21,114_img_.png,bluish
22,115_img_.png,bluish
23,116_img_.png,no-color-cast
24,117_img_.png,no-color-cast
25,118_img_.png,no-color-cast
26,11_img_.png,no-color-cast
27,120_img_.png,bluish
28,121_img_.png,no-color-cast
29,1225.png,no-color-cast
30,12290.png,no-color-cast
31,12299.png,no-color-cast
32,122_img_.png,no-color-cast
33,12324.png,no-color-cast
34,12336.png,greenish
35,12348.png,no-color-cast
36,123_img_.png,no-color-cast
37,12422.png,no-color-cast
38,12433.png,yellowish
39,12445.png,yellowish
40,124_img_.png,no-color-cast
41,125_img_.png,no-color-cast
42,12900.png,yellowish
43,129_img_.png,no-color-cast
44,130_img_.png,no-color-cast
45,131_img_.png,bluish
46,133_img_.png,no-color-cast
47,135_img_.png,no-color-cast
48,136_img_.png,no-color-cast
49,137_img_.png,no-color-cast
50,138_img_.png,bluish
51,139_img_.png,no-color-cast
52,13_img_.png,no-color-cast
53,1407.png,no-color-cast
54,140_img_.png,bluish
55,141_img_.png,no-color-cast
56,142_img_.png,yellowish
57,143_img_.png,no-color-cast
58,144_img_.png,yellowish
59,145_img_.png,greenish
60,146_img_.png,yellowish
61,148_img_.png,no-color-cast
62,1491.png,yellowish
63,149_img_.png,no-color-cast
64,14_img_.png,no-color-cast
65,15001.png,bluish
66,15003.png,no-color-cast
67,15045.png,no-color-cast
68,15094.png,greenish
69,150_img_.png,no-color-cast
70,15113.png,yellowish
71,15136.png,no-color-cast
72,151_img_.png,no-color-cast
73,152_img_.png,no-color-cast
74,1539.png,no-color-cast
75,153_img_.png,greenish
76,15418.png,no-color-cast
77,15426.png,no-color-cast
78,154_img_.png,no-color-cast
79,15544.png,no-color-cast
80,155_img_.png,no-color-cast
81,156_img_.png,no-color-cast
82,15704.png,no-color-cast
83,1573.png,no-color-cast
84,157_img_.png,bluish
85,158_img_.png,no-color-cast
86,159_img_.png,bluish
87,15_img_.png,no-color-cast
88,160_img_.png,no-color-cast
89,161_img_.png,no-color-cast
90,162_img_.png,no-color-cast
91,163_img_.png,no-color-cast
92,164_img_.png,no-color-cast
93,165_img_.png,no-color-cast
94,1660.png,no-color-cast
95,166_img_.png,no-color-cast
96,168_img_.png,no-color-cast
97,169_img_.png,no-color-cast
98,16_img_.png,no-color-cast
99,170_img_.png,no-color-cast
100,171_img_.png,no-color-cast
101,172_img_.png,no-color-cast
102,173_img_.png,no-color-cast
103,1742.png,yellowish
104,174_img_.png,bluish
105,175_img_.png,no-color-cast
106,176_img_.png,no-color-cast
107,177_img_.png,bluish
108,178_img_.png,no-color-cast
109,179_img_.png,no-color-cast
110,17_img_.png,no-color-cast
111,180_img_.png,no-color-cast
112,182_img_.png,no-color-cast
113,183_img_.png,no-color-cast
114,184_img_.png,no-color-cast
115,185_img_.png,no-color-cast
116,186_img_.png,bluish
117,187_img_.png,no-color-cast
118,188_img_.png,no-color-cast
119,189_img_.png,greenish
120,18_img_.png,yellowish
121,190_img_.png,no-color-cast
122,191_img_.png,no-color-cast
123,192_img_.png,no-color-cast
124,193_img_.png,no-color-cast
125,194_img_.png,no-color-cast
126,1957.png,no-color-cast
127,195_img_.png,no-color-cast
128,196_img_.png,no-color-cast
129,197_img_.png,no-color-cast
130,198_img_.png,no-color-cast
131,199_img_.png,greenish
132,19_img_.png,no-color-cast
133,20.png,no-color-cast
134,200_img_.png,no-color-cast
135,201_img_.png,no-color-cast
136,202_img_.png,yellowish
137,203_img_.png,no-color-cast
138,204_img_.png,bluish
139,205_img_.png,bluish
140,206_img_.png,no-color-cast
141,207_img_.png,no-color-cast
142,208_img_.png,yellowish
143,209_img_.png,no-color-cast
144,210_img_.png,no-color-cast
145,211_img_.png,no-color-cast
146,212_img_.png,no-color-cast
147,213_img_.png,no-color-cast
148,214_img_.png,no-color-cast
149,215_img_.png,no-color-cast
150,216_img_.png,no-color-cast
151,217_img_.png,no-color-cast
152,219_img_.png,no-color-cast
153,220_img_.png,no-color-cast
154,221_img_.png,no-color-cast
155,222_img_.png,bluish
156,223_img_.png,no-color-cast
157,224_img_.png,no-color-cast
158,225_img_.png,no-color-cast
159,226_img_.png,no-color-cast
160,227_img_.png,bluish
161,228_img_.png,no-color-cast
162,229_img_.png,yellowish
163,22_img_.png,no-color-cast
164,230_img_.png,no-color-cast
165,231_img_.png,no-color-cast
166,232_img_.png,no-color-cast
167,233_img_.png,no-color-cast
168,234_img_.png,no-color-cast
169,236_img_.png,no-color-cast
170,238_img_.png,no-color-cast
171,23_img_.png,no-color-cast
172,240_img_.png,bluish
173,241_img_.png,no-color-cast
174,242_img_.png,no-color-cast
175,243_img_.png,no-color-cast
176,244_img_.png,no-color-cast
177,245_img_.png,no-color-cast
178,246_img_.png,no-color-cast
179,247_img_.png,no-color-cast
180,248_img_.png,no-color-cast
181,24_img_.png,no-color-cast
182,251_img_.png,no-color-cast
183,252_img_.png,no-color-cast
184,253_img_.png,no-color-cast
185,2546.png,no-color-cast
186,254_img_.png,no-color-cast
187,255_img_.png,bluish
188,257_img_.png,no-color-cast
189,258_img_.png,no-color-cast
190,259_img_.png,no-color-cast
191,25_img_.png,no-color-cast
192,260_img_.png,no-color-cast
193,261_img_.png,no-color-cast
194,2629.png,yellowish
195,262_img_.png,no-color-cast
196,263_img_.png,no-color-cast
197,265_img_.png,no-color-cast
198,266_img_.png,no-color-cast
199,2677.png,no-color-cast
200,267_img_.png,no-color-cast
201,268_img_.png,no-color-cast
202,26_img_.png,bluish
203,2701.png,no-color-cast
204,270_img_.png,no-color-cast
205,271_img_.png,no-color-cast
206,272_img_.png,greenish
207,273_img_.png,no-color-cast
208,274_img_.png,greenish
209,275_img_.png,no-color-cast
210,276_img_.png,greenish
211,2774.png,yellowish
212,277_img_.png,no-color-cast
213,2787.png,no-color-cast
214,278_img_.png,no-color-cast
215,279_img_.png,no-color-cast
216,27_img_.png,no-color-cast
217,280_img_.png,bluish
218,281_img_.png,no-color-cast
219,282_img_.png,no-color-cast
220,284_img_.png,no-color-cast
221,285_img_.png,no-color-cast
222,287_img_.png,no-color-cast
223,2882.png,yellowish
224,288_img_.png,no-color-cast
225,28_img_.png,no-color-cast
226,290_img_.png,no-color-cast
227,292_img_.png,no-color-cast
228,293_img_.png,no-color-cast
229,294_img_.png,bluish
230,295_img_.png,no-color-cast
231,296_img_.png,greenish
232,2977.png,no-color-cast
233,298_img_.png,no-color-cast
234,299_img_.png,no-color-cast
235,29_img_.png,no-color-cast
236,2_img_.png,no-color-cast
237,3001.png,no-color-cast
238,300_img_.png,no-color-cast
239,3015.png,no-color-cast
240,301_img_.png,no-color-cast
241,302_img_.png,no-color-cast
242,303_img_.png,bluish
243,304_img_.png,no-color-cast
244,305_img_.png,bluish
245,306_img_.png,yellowish
246,307_img_.png,bluish
247,30_img_.png,no-color-cast
248,31.png,no-color-cast
249,311_img_.png,greenish
250,312_img_.png,no-color-cast
251,313_img_.png,no-color-cast
252,314_img_.png,no-color-cast
253,315_img_.png,yellowish
254,316_img_.png,no-color-cast
255,317_img_.png,no-color-cast
256,318_img_.png,no-color-cast
257,3196.png,yellowish
258,319_img_.png,no-color-cast
259,3202.png,yellowish
260,320_img_.png,no-color-cast
261,322_img_.png,no-color-cast
262,323_img_.png,no-color-cast
263,324_img_.png,no-color-cast
264,325_img_.png,no-color-cast
265,326_img_.png,no-color-cast
266,327_img_.png,no-color-cast
267,328_img_.png,no-color-cast
268,32_img_.png,no-color-cast
269,330_img_.png,no-color-cast
270,332_img_.png,no-color-cast
271,3330.png,no-color-cast
272,334_img_.png,no-color-cast
273,336_img_.png,no-color-cast
274,337_img_.png,yellowish
275,338_img_.png,greenish
276,340_img_.png,no-color-cast
277,341_img_.png,no-color-cast
278,342_img_.png,no-color-cast
279,343_img_.png,no-color-cast
280,345_img_.png,bluish
281,346_img_.png,no-color-cast
282,347_img_.png,no-color-cast
283,348_img_.png,no-color-cast
284,35.png,no-color-cast
285,350_img_.png,no-color-cast
286,351_img_.png,no-color-cast
287,353_img_.png,no-color-cast
288,355_img_.png,no-color-cast
289,356_img_.png,no-color-cast
290,359_img_.png,bluish
291,360_img_.png,no-color-cast
292,361_img_.png,no-color-cast
293,362_img_.png,no-color-cast
294,363_img_.png,no-color-cast
295,364_img_.png,bluish
296,3650.png,no-color-cast
297,365_img_.png,no-color-cast
298,366_img_.png,no-color-cast
299,367_img_.png,no-color-cast
300,369_img_.png,no-color-cast
301,370_img_.png,yellowish
302,371_img_.png,no-color-cast
303,3728.png,no-color-cast
304,372_img_.png,no-color-cast
305,373_img_.png,bluish
306,374_img_.png,bluish
307,375_img_.png,no-color-cast
308,376_img_.png,no-color-cast
309,377_img_.png,bluish
310,378_img_.png,no-color-cast
311,379_img_.png,bluish
312,37_img_.png,yellowish
313,380_img_.png,bluish
314,381_img_.png,no-color-cast
315,382_img_.png,no-color-cast
316,383_img_.png,no-color-cast
317,384_img_.png,no-color-cast
318,385_img_.png,yellowish
319,386_img_.png,no-color-cast
320,387_img_.png,bluish
321,389_img_.png,no-color-cast
322,391_img_.png,no-color-cast
323,3925.png,bluish
324,392_img_.png,no-color-cast
325,393_img_.png,no-color-cast
326,3947.png,no-color-cast
327,394_img_.png,greenish
328,395_img_.png,no-color-cast
329,39_img_.png,no-color-cast
330,3_img_.png,no-color-cast
331,4.png,no-color-cast
332,400_img_.png,yellowish
333,401_img_.png,bluish
334,402_img_.png,no-color-cast
335,403_img_.png,no-color-cast
336,404_img_.png,greenish
337,405_img_.png,no-color-cast
338,406_img_.png,no-color-cast
339,4070.png,bluish
340,407_img_.png,no-color-cast
341,408_img_.png,no-color-cast
342,409_img_.png,no-color-cast
343,410_img_.png,yellowish
344,411_img_.png,no-color-cast
345,412_img_.png,no-color-cast
346,413_img_.png,no-color-cast
347,415_img_.png,no-color-cast
348,416_img_.png,no-color-cast
349,417_img_.png,no-color-cast
350,418_img_.png,yellowish
351,419_img_.png,no-color-cast
352,41_img_.png,no-color-cast
353,420_img_.png,no-color-cast
354,421_img_.png,no-color-cast
355,422_img_.png,no-color-cast
356,423_img_.png,no-color-cast
357,424_img_.png,no-color-cast
358,425_img_.png,bluish
359,428_img_.png,bluish
360,429_img_.png,no-color-cast
361,42_img_.png,no-color-cast
362,432_img_.png,bluish
363,433_img_.png,no-color-cast
364,435_img_.png,no-color-cast
365,436_img_.png,no-color-cast
366,437_img_.png,yellowish
367,438_img_.png,greenish
368,439_img_.png,no-color-cast
369,43_img_.png,no-color-cast
370,440_img_.png,greenish
371,441_img_.png,no-color-cast
372,442_img_.png,no-color-cast
373,443_img_.png,no-color-cast
374,444_img_.png,no-color-cast
375,445_img_.png,bluish
376,446_img_.png,no-color-cast
377,447_img_.png,no-color-cast
378,448_img_.png,no-color-cast
379,449_img_.png,bluish
380,44_img_.png,no-color-cast
381,450_img_.png,no-color-cast
382,451_img_.png,no-color-cast
383,452_img_.png,no-color-cast
384,453_img_.png,greenish
385,454_img_.png,no-color-cast
386,455_img_.png,no-color-cast
387,457_img_.png,no-color-cast
388,458_img_.png,no-color-cast
389,459_img_.png,no-color-cast
390,45_img_.png,no-color-cast
391,460_img_.png,no-color-cast
392,461_img_.png,no-color-cast
393,462_img_.png,no-color-cast
394,463_img_.png,no-color-cast
395,464_img_.png,no-color-cast
396,465_img_.png,bluish
397,466_img_.png,no-color-cast
398,467_img_.png,no-color-cast
399,468_img_.png,no-color-cast
400,469_img_.png,bluish
401,46_img_.png,no-color-cast
402,470_img_.png,no-color-cast
403,471_img_.png,no-color-cast
404,472_img_.png,bluish
405,473_img_.png,no-color-cast
406,476_img_.png,no-color-cast
407,477_img_.png,no-color-cast
408,478_img_.png,no-color-cast
409,479_img_.png,no-color-cast
410,480_img_.png,no-color-cast
411,481_img_.png,no-color-cast
412,482_img_.png,no-color-cast
413,483_img_.png,no-color-cast
414,484_img_.png,no-color-cast
415,485_img_.png,no-color-cast
416,486_img_.png,yellowish
417,487_img_.png,yellowish
418,488_img_.png,no-color-cast
419,489_img_.png,no-color-cast
420,48_img_.png,bluish
421,490_img_.png,no-color-cast
422,491_img_.png,no-color-cast
423,492_img_.png,no-color-cast
424,493_img_.png,no-color-cast
425,494_img_.png,no-color-cast
426,495_img_.png,yellowish
427,496_img_.png,no-color-cast
428,497_img_.png,no-color-cast
429,498_img_.png,no-color-cast
430,499_img_.png,no-color-cast
431,49_img_.png,no-color-cast
432,4_img_.png,no-color-cast
433,501_img_.png,no-color-cast
434,502_img_.png,no-color-cast
435,503_img_.png,greenish
436,504_img_.png,no-color-cast
437,505_img_.png,no-color-cast
438,506_img_.png,no-color-cast
439,507_img_.png,no-color-cast
440,508_img_.png,no-color-cast
441,509_img_.png,no-color-cast
442,50_img_.png,no-color-cast
443,510_img_.png,no-color-cast
444,511_img_.png,no-color-cast
445,512_img_.png,no-color-cast
446,513_img_.png,no-color-cast
447,515_img_.png,no-color-cast
448,516_img_.png,no-color-cast
449,517_img_.png,no-color-cast
450,518_img_.png,no-color-cast
451,519_img_.png,no-color-cast
452,51_img_.png,no-color-cast
453,524_img_.png,bluish
454,526_img_.png,no-color-cast
455,527_img_.png,no-color-cast
456,528_img_.png,no-color-cast
457,52_img_.png,no-color-cast
458,530_img_.png,no-color-cast
459,531_img_.png,bluish
460,532_img_.png,no-color-cast
461,533_img_.png,no-color-cast
462,534_img_.png,no-color-cast
463,535_img_.png,greenish
464,536_img_.png,no-color-cast
465,537_img_.png,no-color-cast
466,538_img_.png,no-color-cast
467,539.png,no-color-cast
468,539_img_.png,no-color-cast
469,53_img_.png,greenish
470,540_img_.png,no-color-cast
471,541_img_.png,no-color-cast
472,542_img_.png,no-color-cast
473,543_img_.png,no-color-cast
474,544_img_.png,no-color-cast
475,545_img_.png,bluish
476,546_img_.png,no-color-cast
477,547_img_.png,no-color-cast
478,549_img_.png,bluish
479,550_img_.png,no-color-cast
480,551_img_.png,no-color-cast
481,552_img_.png,no-color-cast
482,554_img_.png,no-color-cast
483,5554.png,no-color-cast
484,555_img_.png,no-color-cast
485,556_img_.png,no-color-cast
486,557.png,no-color-cast
487,557_img_.png,no-color-cast
488,558_img_.png,no-color-cast
489,559.png,no-color-cast
490,55_img_.png,greenish
491,560_img_.png,no-color-cast
492,561_img_.png,no-color-cast
493,562_img_.png,no-color-cast
494,563.png,no-color-cast
495,563_img_.png,no-color-cast
496,564_img_.png,no-color-cast
497,566_img_.png,no-color-cast
498,567.png,no-color-cast
499,567_img_.png,bluish
500,568_img_.png,no-color-cast
501,569_img_.png,no-color-cast
502,56_img_.png,bluish
503,570_img_.png,no-color-cast
504,571_img_.png,no-color-cast
505,572_img_.png,bluish
506,573_img_.png,bluish
507,574_img_.png,greenish
508,575_img_.png,greenish
509,576_img_.png,no-color-cast
510,577_img_.png,no-color-cast
511,578_img_.png,no-color-cast
512,579_img_.png,no-color-cast
513,57_img_.png,yellowish
514,580_img_.png,no-color-cast
515,5818.png,bluish
516,581_img_.png,no-color-cast
517,582_img_.png,no-color-cast
518,5830.png,no-color-cast
519,583_img_.png,no-color-cast
520,584_img_.png,no-color-cast
521,585_img_.png,no-color-cast
522,586_img_.png,no-color-cast
523,587_img_.png,no-color-cast
524,588_img_.png,no-color-cast
525,589_img_.png,no-color-cast
526,58_img_.png,no-color-cast
527,590_img_.png,no-color-cast
528,591_img_.png,no-color-cast
529,592_img_.png,no-color-cast
530,593_img_.png,yellowish
531,594_img_.png,yellowish
532,595_img_.png,no-color-cast
533,596_img_.png,no-color-cast
534,597_img_.png,no-color-cast
535,598.png,no-color-cast
536,598_img_.png,greenish
537,599_img_.png,no-color-cast
538,59_img_.png,no-color-cast
539,600_img_.png,no-color-cast
540,601_img_.png,no-color-cast
541,602_img_.png,no-color-cast
542,603_img_.png,no-color-cast
543,604_img_.png,yellowish
544,605_img_.png,no-color-cast
545,6062.png,no-color-cast
546,606_img_.png,no-color-cast
547,607_img_.png,greenish
548,6082.png,no-color-cast
549,608_img_.png,no-color-cast
550,609_img_.png,no-color-cast
551,60_img_.png,no-color-cast
552,610_img_.png,bluish
553,611_img_.png,no-color-cast
554,612_img_.png,no-color-cast
555,613_img_.png,no-color-cast
556,614_img_.png,no-color-cast
557,615_img_.png,no-color-cast
558,616_img_.png,no-color-cast
559,617_img_.png,no-color-cast
560,618_img_.png,no-color-cast
561,619_img_.png,no-color-cast
562,61_img_.png,no-color-cast
563,620_img_.png,no-color-cast
564,621_img_.png,no-color-cast
565,622_img_.png,no-color-cast
566,623_img_.png,no-color-cast
567,625_img_.png,yellowish
568,626_img_.png,no-color-cast
569,627_img_.png,no-color-cast
570,628_img_.png,no-color-cast
571,629_img_.png,no-color-cast
572,62_img_.png,no-color-cast
573,630_img_.png,yellowish
574,631_img_.png,yellowish
575,632_img_.png,no-color-cast
576,633_img_.png,no-color-cast
577,634_img_.png,no-color-cast
578,635_img_.png,no-color-cast
579,636_img_.png,no-color-cast
580,637_img_.png,no-color-cast
581,638_img_.png,bluish
582,639_img_.png,yellowish
583,63_img_.png,no-color-cast
584,640_img_.png,no-color-cast
585,641_img_.png,no-color-cast
586,642_img_.png,no-color-cast
587,645_img_.png,no-color-cast
588,646_img_.png,no-color-cast
589,647_img_.png,no-color-cast
590,648_img_.png,no-color-cast
591,649_img_.png,no-color-cast
592,64_img_.png,no-color-cast
593,650_img_.png,no-color-cast
594,651.png,no-color-cast
595,651_img_.png,no-color-cast
596,652_img_.png,greenish
597,653_img_.png,no-color-cast
598,654_img_.png,no-color-cast
599,655_img_.png,no-color-cast
600,656_img_.png,bluish
601,657_img_.png,no-color-cast
602,658_img_.png,yellowish
603,659_img_.png,no-color-cast
604,65_img_.png,no-color-cast
605,660_img_.png,greenish
606,661_img_.png,no-color-cast
607,662_img_.png,no-color-cast
608,663_img_.png,no-color-cast
609,666_img_.png,no-color-cast
610,668_img_.png,no-color-cast
611,670_img_.png,greenish
612,672_img_.png,no-color-cast
613,673_img_.png,no-color-cast
614,674_img_.png,no-color-cast
615,675_img_.png,no-color-cast
616,676_img_.png,no-color-cast
617,677_img_.png,no-color-cast
618,6788.png,no-color-cast
619,678_img_.png,no-color-cast
620,679_img_.png,no-color-cast
621,67_img_.png,no-color-cast
622,680_img_.png,no-color-cast
623,681_img_.png,no-color-cast
624,6820.png,no-color-cast
625,682_img_.png,no-color-cast
626,683_img_.png,no-color-cast
627,684_img_.png,no-color-cast
628,685_img_.png,no-color-cast
629,686_img_.png,no-color-cast
630,6872.png,no-color-cast
631,687_img_.png,bluish
632,688_img_.png,no-color-cast
633,689_img_.png,no-color-cast
634,690_img_.png,no-color-cast
635,691_img_.png,no-color-cast
636,692_img_.png,no-color-cast
637,694_img_.png,no-color-cast
638,695_img_.png,no-color-cast
639,696_img_.png,no-color-cast
640,697_img_.png,no-color-cast
641,698_img_.png,no-color-cast
642,699_img_.png,no-color-cast
643,6_img_.png,no-color-cast
644,700_img_.png,no-color-cast
645,701_img_.png,no-color-cast
646,7027.png,no-color-cast
647,702_img_.png,no-color-cast
648,703_img_.png,no-color-cast
649,704_img_.png,no-color-cast
650,705_img_.png,no-color-cast
651,706_img_.png,bluish
652,707_img_.png,no-color-cast
653,708_img_.png,no-color-cast
654,709_img_.png,bluish
655,70_img_.png,no-color-cast
656,710_img_.png,no-color-cast
657,711_img_.png,no-color-cast
658,712_img_.png,no-color-cast
659,713_img_.png,no-color-cast
660,714_img_.png,no-color-cast
661,715_img_.png,bluish
662,716_img_.png,no-color-cast
663,718_img_.png,no-color-cast
664,719_img_.png,bluish
665,720_img_.png,no-color-cast
666,721_img_.png,no-color-cast
667,722_img_.png,no-color-cast
668,723_img_.png,no-color-cast
669,724_img_.png,no-color-cast
670,725_img_.png,bluish
671,726_img_.png,bluish
672,727_img_.png,no-color-cast
673,728_img_.png,no-color-cast
674,729_img_.png,no-color-cast
675,72_img_.png,no-color-cast
676,730_img_.png,no-color-cast
677,731_img_.png,no-color-cast
678,732_img_.png,no-color-cast
679,733_img_.png,yellowish
680,734_img_.png,no-color-cast
681,735_img_.png,no-color-cast
682,736_img_.png,no-color-cast
683,737_img_.png,no-color-cast
684,738_img_.png,no-color-cast
685,73_img_.png,no-color-cast
686,740_img_.png,no-color-cast
687,741_img_.png,no-color-cast
688,743_img_.png,no-color-cast
689,744_img_.png,no-color-cast
690,745_img_.png,bluish
691,746_img_.png,no-color-cast
692,747_img_.png,no-color-cast
693,748_img_.png,yellowish
694,749_img_.png,no-color-cast
695,74_img_.png,no-color-cast
696,750_img_.png,no-color-cast
697,751_img_.png,no-color-cast
698,752_img_.png,no-color-cast
699,753_img_.png,no-color-cast
700,754_img_.png,no-color-cast
701,756.png,no-color-cast
702,756_img_.png,no-color-cast
703,757_img_.png,no-color-cast
704,758.png,no-color-cast
705,758_img_.png,bluish
706,759_img_.png,no-color-cast
707,760_img_.png,bluish
708,762_img_.png,no-color-cast
709,763_img_.png,no-color-cast
710,7643.png,no-color-cast
711,764_img_.png,no-color-cast
712,7654.png,no-color-cast
713,765_img_.png,no-color-cast
714,766_img_.png,no-color-cast
715,767_img_.png,no-color-cast
716,768_img_.png,no-color-cast
717,769_img_.png,yellowish
718,76_img_.png,no-color-cast
719,770_img_.png,no-color-cast
720,771_img_.png,no-color-cast
721,772_img_.png,no-color-cast
722,773_img_.png,no-color-cast
723,775_img_.png,no-color-cast
724,776_img_.png,no-color-cast
725,777_img_.png,no-color-cast
726,778_img_.png,no-color-cast
727,779_img_.png,no-color-cast
728,77_img_.png,no-color-cast
729,780_img_.png,no-color-cast
730,781_img_.png,no-color-cast
731,782_img_.png,no-color-cast
732,783_img_.png,no-color-cast
733,784_img_.png,no-color-cast
734,785_img_.png,no-color-cast
735,786_img_.png,no-color-cast
736,787_img_.png,bluish
737,788_img_.png,no-color-cast
738,789_img_.png,no-color-cast
739,78_img_.png,no-color-cast
740,790_img_.png,no-color-cast
741,7916.png,no-color-cast
742,791_img_.png,no-color-cast
743,792_img_.png,no-color-cast
744,793_img_.png,no-color-cast
745,794_img_.png,no-color-cast
746,795_img_.png,no-color-cast
747,796_img_.png,no-color-cast
748,797_img_.png,no-color-cast
749,798_img_.png,no-color-cast
750,799_img_.png,no-color-cast
751,79_img_.png,no-color-cast
752,7_img_.png,yellowish
753,800_img_.png,no-color-cast
754,8010.png,no-color-cast
755,802_img_.png,no-color-cast
756,803_img_.png,no-color-cast
757,8046.png,no-color-cast
758,804_img_.png,no-color-cast
759,8056.png,no-color-cast
760,806_img_.png,no-color-cast
761,807_img_.png,no-color-cast
762,808_img_.png,bluish
763,809_img_.png,no-color-cast
764,80_img_.png,no-color-cast
765,810_img_.png,bluish
766,811_img_.png,no-color-cast
767,812_img_.png,greenish
768,813_img_.png,no-color-cast
769,814_img_.png,no-color-cast
770,815_img_.png,no-color-cast
771,816_img_.png,no-color-cast
772,817_img_.png,no-color-cast
773,818_img_.png,no-color-cast
774,819_img_.png,greenish
775,820_img_.png,no-color-cast
776,821_img_.png,no-color-cast
777,822_img_.png,no-color-cast
778,823_img_.png,no-color-cast
779,8262.png,no-color-cast
780,827_img_.png,no-color-cast
781,8288.png,yellowish
782,828_img_.png,no-color-cast
783,829_img_.png,no-color-cast
784,82_img_.png,no-color-cast
785,831_img_.png,no-color-cast
786,832_img_.png,no-color-cast
787,833_img_.png,no-color-cast
788,834_img_.png,no-color-cast
789,835_img_.png,greenish
790,837.png,no-color-cast
791,837_img_.png,bluish
792,838_img_.png,no-color-cast
793,841.png,no-color-cast
794,841_img_.png,no-color-cast
795,842_img_.png,no-color-cast
796,843_img_.png,greenish
797,844_img_.png,no-color-cast
798,845_img_.png,no-color-cast
799,846_img_.png,no-color-cast
800,847_img_.png,no-color-cast
801,848_img_.png,no-color-cast
802,849_img_.png,greenish
803,850_img_.png,no-color-cast
804,851_img_.png,no-color-cast
805,852_img_.png,no-color-cast
806,854_img_.png,no-color-cast
807,855_img_.png,bluish
808,856_img_.png,no-color-cast
809,857_img_.png,no-color-cast
810,858_img_.png,no-color-cast
811,859_img_.png,yellowish
812,860_img_.png,greenish
813,861_img_.png,no-color-cast
814,862_img_.png,no-color-cast
815,863_img_.png,no-color-cast
816,865_img_.png,no-color-cast
817,866_img_.png,no-color-cast
818,867_img_.png,no-color-cast
819,868_img_.png,no-color-cast
820,869_img_.png,no-color-cast
821,86_img_.png,greenish
822,871_img_.png,no-color-cast
823,872_img_.png,bluish
824,873_img_.png,yellowish
825,874_img_.png,yellowish
826,875_img_.png,no-color-cast
827,876_img_.png,no-color-cast
828,877_img_.png,no-color-cast
829,878_img_.png,no-color-cast
830,879_img_.png,no-color-cast
831,87_img_.png,no-color-cast
832,880_img_.png,no-color-cast
833,881_img_.png,no-color-cast
834,887_img_.png,no-color-cast
835,889_img_.png,no-color-cast
836,890.png,no-color-cast
837,890_img_.png,no-color-cast
838,891_img_.png,no-color-cast
839,892_img_.png,yellowish
840,893_img_.png,no-color-cast
841,895_img_.png,no-color-cast
842,896_img_.png,no-color-cast
843,89_img_.png,no-color-cast
844,8_img_.png,no-color-cast
845,901_img_.png,no-color-cast
846,904_img_.png,no-color-cast
847,905_img_.png,no-color-cast
848,906_img_.png,no-color-cast
849,907_img_.png,no-color-cast
850,908_img_.png,no-color-cast
851,909_img_.png,no-color-cast
852,90_img_.png,no-color-cast
853,910_img_.png,no-color-cast
854,911_img_.png,no-color-cast
855,912_img_.png,bluish
856,913_img_.png,no-color-cast
857,914_img_.png,no-color-cast
858,915_img_.png,no-color-cast
859,916_img_.png,no-color-cast
860,917_img_.png,no-color-cast
861,918_img_.png,no-color-cast
862,919_img_.png,no-color-cast
863,91_img_.png,no-color-cast
864,920_img_.png,no-color-cast
865,921_img_.png,no-color-cast
866,922_img_.png,bluish
867,923_img_.png,no-color-cast
868,924_img_.png,no-color-cast
869,925_img_.png,no-color-cast
870,926_img_.png,no-color-cast
871,927_img_.png,no-color-cast
872,928_img_.png,no-color-cast
873,929_img_.png,no-color-cast
874,92_img_.png,no-color-cast
875,94_img_.png,no-color-cast
876,9547.png,no-color-cast
877,9554.png,no-color-cast
878,9557.png,no-color-cast
879,9567.png,no-color-cast
880,95_img_.png,no-color-cast
881,96_img_.png,no-color-cast
882,97_img_.png,no-color-cast
883,9896.png,no-color-cast
884,98_img_.png,no-color-cast
885,9900.png,no-color-cast
886,9907.png,yellowish
887,9947.png,no-color-cast
888,99_img_.png,bluish
889,9_img_.png,no-color-cast
